employeeId,employee name
4000,Angela Sexton
4001,Hilda Neal
4002,Megan Dixon
4003,Macey Finley
4004,Jolene Park
4005,Nina Santana
4006,Adara Savage
4007,Gay Campos
4008,Fay Gallegos
4009,Courtney Hicks
4010,Rose Pennington
4011,Shay Shaw
4012,Bertha Tucker
4013,Emily Rose
4014,Ivory Bates
4015,Nayda Gallagher
4016,Carol Savage
4017,Pearl Chase
4018,Nell Guy
4019,Hanae Roy
4020,Shelley Talley
4021,Hannah Lee
4022,Keely Logan
4023,Breanna Christensen
4024,Lois Cotton
4025,Kirby Maynard
4026,Carla Espinoza
4027,Candace Lucas
4028,Jaden Callahan
4029,Cameron Rivers
4030,Holly Welch
4031,TaShya Dean
4032,Hedwig Santos
4033,Moana Richmond
4034,Teagan Strickland
4035,Hyacinth Madden
4036,Jada Moreno
4037,Clare Compton
4038,Lillith Zimmerman
4039,Rinah Mckinney
4040,Willow Hester
4041,Haley Zamora
4042,Courtney Olson
4043,Ori Frye
4044,Alea Maldonado
4045,Libby Davis
4046,Sierra Butler
4047,Katelyn Cantrell
4048,Rowan Hammond
4049,Aphrodite Woodward
4050,Veda Gross
4051,Cora Hood
4052,Alana Montoya
4053,Kristen Bates
4054,Germaine Patrick
4055,Leila Howe
4056,Indira Spears
4057,Joy Farley
4058,Amela Hardin
4059,Miranda Bright
4060,Ignacia Benson
4061,Selma Holt
4062,Sigourney Goff
4063,Eve Hickman
4064,Sheila Hawkins
4065,Noelani Harrell
4066,Kirsten Prince
4067,Sydnee Lawrence
4068,Kameko Conway
4069,Nola Donaldson
4070,Nicole Levy
4071,Courtney Kinney
4072,Kimberley Mayer
4073,Rachel Bush
4074,Mollie Burton
4075,Lesley Valenzuela
4076,Ivana Frye
4077,Lavinia Becker
4078,Reagan Ball
4079,Signe Vinson
4080,Lila Blackburn
4081,Kirsten Hampton
4082,Stacy Mosley
4083,Summer Calderon
4084,Lois Elliott
4085,Pearl Silva
4086,Gillian Wright
4087,Liberty Larson
4088,Gail Sosa
4089,Jacqueline Harrell
4090,Karly Roberson
4091,Sheila Horne
4092,Morgan Howell
4093,Dakota Talley
4094,Maxine Gill
4095,Farrah Acevedo
4096,Kelly Herman
4097,Catherine Coffey
4098,Buffy Dillard
4099,Lysandra Kemp
